ring number,left,right
0,0.2833333333,1.033333333
1,0.4333333333,0.8833333333
2,0.5666666667,0.7333333333
3,0.6666666667,0.65
4,0.7833333333,0.5166666667
5,0.8833333333,0.4